{
  "mode": "synthetic",
  "n_samples": 5000,
  "n_epochs_trained": 73,
  "anfis_metrics": {
    "mae": 18.148771286010742,
    "rmse": 22.41839925695277,
    "r2": 0.6697196960449219,
    "directional_accuracy": 76.26666666666667,
    "ic": 0.7912134237545987,
    "f1_macro": 0.3419851886052214,
    "f1_weighted": 0.5142782173770496
  },
  "baseline_metrics": {
    "mae": 16.37807955059953,
    "rmse": 20.30602457552931,
    "r2": 0.7290286839914779,
    "directional_accuracy": 76.4,
    "ic": 0.8071035295780833,
    "f1_macro": 0.6115708796884114,
    "f1_weighted": 0.6173601059910281
  },
  "initial_consequents": [
    80.0,
    65.0,
    55.0,
    60.0,
    45.0,
    40.0,
    35.0,
    40.0,
    0.0,
    0.0,
    0.0,
    0.0,
    0.0,
    0.0,
    -35.0,
    -45.0,
    -40.0,
    -55.0,
    -80.0,
    -65.0,
    -60.0,
    -40.0
  ],
  "trained_consequents": [
    53.75798797607422,
    1.0908879041671753,
    0.3200012147426605,
    0.3786123991012573,
    0.0389234758913517,
    0.8806763291358948,
    0.8003448843955994,
    6.946990013122559,
    6.94621467590332,
    -2.3764426708221436,
    -6.493194103240967,
    0.004973202012479305,
    -0.005710664205253124,
    0.8899863958358765,
    -0.30794796347618103,
    -0.03624947369098663,
    0.07882534712553024,
    -0.26177307963371277,
    -52.77186584472656,
    -0.4599874019622803,
    -0.14086031913757324,
    -5.634760856628418
  ],
  "initial_mf_params": {
    "trend_strength": {
      "Baixa": {
        "center": -75.0,
        "sigma": 20.0
      },
      "Neutra": {
        "center": 0.0,
        "sigma": 25.0
      },
      "Alta": {
        "center": 75.0,
        "sigma": 20.0
      }
    },
    "price_zone": {
      "Discount": {
        "center": 0.15000000596046448,
        "sigma": 0.11999999731779099
      },
      "Equilibrium": {
        "center": 0.5,
        "sigma": 0.11999999731779099
      },
      "Premium": {
        "center": 0.8500000238418579,
        "sigma": 0.11999999731779099
      }
    },
    "fvg_quality": {
      "Pequeno": {
        "center": 0.5,
        "sigma": 0.4000000059604645
      },
      "Padrao": {
        "center": 1.5,
        "sigma": 0.5
      },
      "Grande": {
        "center": 3.0,
        "sigma": 0.6000000238418579
      }
    },
    "sweep_quality": {
      "Fraco": {
        "center": 0.4000000059604645,
        "sigma": 0.4000000059604645
      },
      "Forte": {
        "center": 2.0,
        "sigma": 0.5
      }
    }
  },
  "trained_mf_params": {
    "trend_strength": {
      "Baixa": {
        "center": -50.4806022644043,
        "sigma": 20.52088165283203
      },
      "Neutra": {
        "center": -0.3891088366508484,
        "sigma": 2.0269737243652344
      },
      "Alta": {
        "center": 50.295982360839844,
        "sigma": 21.48548698425293
      }
    },
    "price_zone": {
      "Discount": {
        "center": 0.17101852595806122,
        "sigma": 0.20159071683883667
      },
      "Equilibrium": {
        "center": 0.05935560539364815,
        "sigma": 0.0010000000474974513
      },
      "Premium": {
        "center": 0.7915695905685425,
        "sigma": 0.17048639059066772
      }
    },
    "fvg_quality": {
      "Pequeno": {
        "center": 0.36187994480133057,
        "sigma": 0.2632506489753723
      },
      "Padrao": {
        "center": 0.4827548861503601,
        "sigma": 0.40915659070014954
      },
      "Grande": {
        "center": 1.6284188032150269,
        "sigma": 1.1078037023544312
      }
    },
    "sweep_quality": {
      "Fraco": {
        "center": 0.2677838206291199,
        "sigma": 0.24192899465560913
      },
      "Forte": {
        "center": 0.7244813442230225,
        "sigma": 1.193300485610962
      }
    }
  }
}