{
  "initial": {
    "trend_strength": {
      "Baixa": {
        "center": -75.0,
        "sigma": 20.0
      },
      "Neutra": {
        "center": 0.0,
        "sigma": 25.0
      },
      "Alta": {
        "center": 75.0,
        "sigma": 20.0
      }
    },
    "price_zone": {
      "Discount": {
        "center": 0.15000000596046448,
        "sigma": 0.11999999731779099
      },
      "Equilibrium": {
        "center": 0.5,
        "sigma": 0.11999999731779099
      },
      "Premium": {
        "center": 0.8500000238418579,
        "sigma": 0.11999999731779099
      }
    },
    "fvg_quality": {
      "Pequeno": {
        "center": 0.5,
        "sigma": 0.4000000059604645
      },
      "Padrao": {
        "center": 1.5,
        "sigma": 0.5
      },
      "Grande": {
        "center": 3.0,
        "sigma": 0.6000000238418579
      }
    },
    "sweep_quality": {
      "Fraco": {
        "center": 0.4000000059604645,
        "sigma": 0.4000000059604645
      },
      "Forte": {
        "center": 2.0,
        "sigma": 0.5
      }
    }
  },
  "final_best_validation": {
    "trend_strength": {
      "Baixa": {
        "center": -74.48165893554688,
        "sigma": 19.593753814697266
      },
      "Neutra": {
        "center": -0.11121542006731033,
        "sigma": 24.494930267333984
      },
      "Alta": {
        "center": 74.4886474609375,
        "sigma": 19.638925552368164
      }
    },
    "price_zone": {
      "Discount": {
        "center": 0.08603879809379578,
        "sigma": 0.07427103817462921
      },
      "Equilibrium": {
        "center": 0.5561050176620483,
        "sigma": 0.13411597907543182
      },
      "Premium": {
        "center": 0.7856009602546692,
        "sigma": 0.053585413843393326
      }
    },
    "fvg_quality": {
      "Pequeno": {
        "center": 0.6282439827919006,
        "sigma": 0.28471890091896057
      },
      "Padrao": {
        "center": 1.495068907737732,
        "sigma": 0.5250127911567688
      },
      "Grande": {
        "center": 2.9231486320495605,
        "sigma": 0.6738709211349487
      }
    },
    "sweep_quality": {
      "Fraco": {
        "center": 0.6252024173736572,
        "sigma": 0.5899351835250854
      },
      "Forte": {
        "center": 2.20418119430542,
        "sigma": 0.3960181474685669
      }
    }
  },
  "shift_summary": {
    "mf_mean_abs_center_shift": 0.17861676012927835,
    "mf_mean_abs_sigma_shift": 0.17333924668756398,
    "mf_max_abs_center_shift": 0.518341064453125,
    "mf_max_abs_sigma_shift": 0.5050697326660156
  }
}